timeStamp,elapsed,label,responseCode,responseMessage,threadName,dataType,success,failureMessage,bytes,sentBytes,grpThreads,allThreads,URL,Latency,IdleTime,Connect
1686742349859,829,Reserve Request,429,Too Many Requests,Thread Group 1-4,text,false,Test failed: code expected to contain /200/,212,226,40,40,https://blazedemo.com/reserve.php,823,0,624
1686742350011,779,Reserve Request,200,OK,Thread Group 1-13,text,true,,7381,226,39,39,https://blazedemo.com/reserve.php,755,0,477
1686742350301,489,Reserve Request,200,OK,Thread Group 1-24,text,true,,7381,226,39,39,https://blazedemo.com/reserve.php,486,0,187
1686742349859,949,Reserve Request,200,OK,Thread Group 1-5,text,true,,7381,226,37,37,https://blazedemo.com/reserve.php,928,0,628
1686742350337,471,Reserve Request,200,OK,Thread Group 1-26,text,true,,7381,226,37,37,https://blazedemo.com/reserve.php,464,0,147
1686742349960,865,Reserve Request,200,OK,Thread Group 1-11,text,true,,7381,226,35,35,https://blazedemo.com/reserve.php,848,0,523
1686742350161,690,Reserve Request,200,OK,Thread Group 1-19,text,true,,7381,226,34,34,https://blazedemo.com/reserve.php,670,0,331
1686742349937,915,Reserve Request,200,OK,Thread Group 1-10,text,true,,7381,226,34,34,https://blazedemo.com/reserve.php,898,0,547
1686742350212,643,Reserve Request,200,OK,Thread Group 1-21,text,true,,7381,226,32,32,https://blazedemo.com/reserve.php,614,0,272
1686742349887,971,Reserve Request,200,OK,Thread Group 1-8,text,true,,7381,226,31,31,https://blazedemo.com/reserve.php,965,0,603
1686742350261,600,Reserve Request,200,OK,Thread Group 1-23,text,true,,7381,226,30,30,https://blazedemo.com/reserve.php,594,0,222
1686742350415,446,Reserve Request,200,OK,Thread Group 1-29,text,true,,7381,226,30,30,https://blazedemo.com/reserve.php,443,0,133
1686742349858,1003,Reserve Request,200,OK,Thread Group 1-3,text,true,,7381,226,30,30,https://blazedemo.com/reserve.php,1002,0,630
1686742350186,680,Reserve Request,200,OK,Thread Group 1-20,text,true,,7381,226,27,27,https://blazedemo.com/reserve.php,679,0,297
1686742350111,764,Reserve Request,200,OK,Thread Group 1-17,text,true,,7381,226,26,26,https://blazedemo.com/reserve.php,754,0,373
1686742350038,837,Reserve Request,200,OK,Thread Group 1-14,text,true,,7381,226,26,26,https://blazedemo.com/reserve.php,827,0,454
1686742350085,792,Reserve Request,200,OK,Thread Group 1-16,text,true,,7381,226,24,24,https://blazedemo.com/reserve.php,790,0,402
1686742350511,392,Reserve Request,200,OK,Thread Group 1-33,text,true,,7381,226,23,23,https://blazedemo.com/reserve.php,384,0,132
1686742350492,457,Reserve Request,200,OK,Thread Group 1-32,text,true,,7381,226,22,22,https://blazedemo.com/reserve.php,440,0,136
1686742350536,475,Reserve Request,200,OK,Thread Group 1-34,text,true,,7381,226,21,21,https://blazedemo.com/reserve.php,463,0,137
1686742350610,425,Reserve Request,200,OK,Thread Group 1-37,text,true,,7381,226,20,20,https://blazedemo.com/reserve.php,418,0,161
1686742350560,492,Reserve Request,200,OK,Thread Group 1-35,text,true,,7381,226,19,19,https://blazedemo.com/reserve.php,488,0,158
1686742350586,509,Reserve Request,200,OK,Thread Group 1-36,text,true,,7381,226,18,18,https://blazedemo.com/reserve.php,490,0,160
1686742350635,467,Reserve Request,200,OK,Thread Group 1-38,text,true,,7381,226,17,17,https://blazedemo.com/reserve.php,459,0,187
1686742350239,908,Reserve Request,200,OK,Thread Group 1-22,text,true,,7381,226,16,16,https://blazedemo.com/reserve.php,902,0,244
1686742349910,1349,Reserve Request,200,OK,Thread Group 1-9,text,true,,7381,226,15,15,https://blazedemo.com/reserve.php,1347,0,580
1686742350310,957,Reserve Request,200,OK,Thread Group 1-25,text,true,,7381,226,14,14,https://blazedemo.com/reserve.php,947,0,175
1686742350436,900,Reserve Request,200,OK,Thread Group 1-30,text,true,,7381,226,13,13,https://blazedemo.com/reserve.php,893,0,131
1686742349861,2473,Reserve Request,200,OK,Thread Group 1-7,text,true,,7381,226,12,12,https://blazedemo.com/reserve.php,2457,0,628
1686742349858,2498,Reserve Request,200,OK,Thread Group 1-1,text,true,,7381,226,11,11,https://blazedemo.com/reserve.php,2486,0,632
1686742349859,2549,Reserve Request,200,OK,Thread Group 1-6,text,true,,7381,226,10,10,https://blazedemo.com/reserve.php,2543,0,631
1686742350685,2502,Reserve Request,200,OK,Thread Group 1-40,text,true,,7381,226,9,9,https://blazedemo.com/reserve.php,2496,0,183
1686742349858,4101,Reserve Request,200,OK,Thread Group 1-2,text,true,,7381,226,8,8,https://blazedemo.com/reserve.php,4091,0,633
1686742349986,4063,Reserve Request,200,OK,Thread Group 1-12,text,true,,7381,226,7,7,https://blazedemo.com/reserve.php,4047,0,506
1686742350460,3699,Reserve Request,200,OK,Thread Group 1-31,text,true,,7381,226,6,6,https://blazedemo.com/reserve.php,3694,0,126
1686742350060,6587,Reserve Request,200,OK,Thread Group 1-15,text,true,,7381,226,5,5,https://blazedemo.com/reserve.php,6579,0,426
1686742350134,6607,Reserve Request,200,OK,Thread Group 1-18,text,true,,7381,226,4,4,https://blazedemo.com/reserve.php,6606,0,358
1686742350384,6416,Reserve Request,200,OK,Thread Group 1-28,text,true,,7381,226,3,3,https://blazedemo.com/reserve.php,6401,0,124
1686742350662,6213,Reserve Request,200,OK,Thread Group 1-39,text,true,,7381,226,2,2,https://blazedemo.com/reserve.php,6210,0,201
1686742350361,9956,Reserve Request,200,OK,Thread Group 1-27,text,true,,7381,226,1,1,https://blazedemo.com/reserve.php,9948,0,145
